# WorkSafeBC Case Study - Q2 Data (Construction, subsector 7210) + Work-related deaths (sector 72)
# Source: WorkSafeBC Provincial Overview dashboard (Report 3079) and Work-Related Deaths dashboard (Report 3546)
# Data as of: 2026-06-30. Extracted via "show as table"/chart tooltips. Rates are per 100 person-years (IR/SIR/MSIR) except death rate = per 10,000 workers.
#
# --- Part A: KPI rates, General Construction subsector 7210 (2016-2025) ---
year,injury_rate,serious_injury_rate,msi_rate,person_years,serious_injury_claims,first_paid_msi_claims,std_ltd_fatal_claims
2016,4.15,0.87,1.11,159704,1386,1838,6818
2017,3.93,0.85,1.06,178629,1520,1944,7208
2018,4.06,0.82,1.16,181755,1494,2185,7611
2019,3.67,0.74,1.03,191842,1426,2087,7396
2020,3.42,0.73,0.96,185729,1348,1847,6525
2021,3.47,0.74,1.00,198718,1477,2066,7104
2022,3.08,0.65,0.87,215773,1396,1945,6970
2023,3.07,0.64,0.88,224977,1446,2086,7243
2024,3.11,0.63,0.85,216419,1356,1990,7161
2025,2.98,0.58,0.84,213005,1235,1919,6806
# Note: 2024 & 2025 counts subject to ~7-month coding lag for MSI/SI claims (per assignment hint); 2025 especially incomplete.
#
# --- Part B: Work-related deaths, Construction sector 72 (2015-2024), rate per 10,000 workers + counts by category ---
# Categories: MVI=Motor Vehicle Incident; OtherInjury=traumatic non-MVI; Asbestos=asbestos exposure disease; OtherDisease=other occupational disease
year,death_rate_per10k,total_deaths,MVI,OtherInjury,Asbestos,OtherDisease
2015,1.70,30,2,15,9,3
2016,1.69,30,3,9,18,0
2017,2.60,51,5,12,32,2
2018,1.70,34,3,9,19,3
2019,1.61,34,2,9,19,4
2020,1.51,31,0,12,15,2
2021,1.31,29,4,8,15,2
2022,2.26,54,9,13,26,6
2023,1.57,39,3,12,18,6
2024,1.01,24,3,13,5,3
# Reconciliation: sum of 4 categories equals total in 8/10 years; 2015 and 2020 differ by 1-2 (chart-label read tolerance). Totals are authoritative.
